"country","name","name_other","most_recent"
"England","Sutton United","Sutton United",NA
"England","Aberdare Athletic","Aberdare Athletic",NA
"England","Aberdare Athletic","Aat",NA
"England","Aberdare Athletic","Aberdare",NA
"England","Accrington","Accrington",NA
"England","Accrington",NA,NA
"England","Accrington F.C.","Accrington F.C.",NA
"England","Accrington F.C.","accr",NA
"England","Accrington F.C.","Accrington",NA
"England","Accrington Stanley","Accrington Stanley",NA
"England","Accrington Stanley","Acc",NA
"England","Accrington Stanley","Accrington S.",NA
"England","AFC Bournemouth","AFC Bournemouth",NA
"England","AFC Bournemouth","B&B",NA
"England","AFC Bournemouth","Bou",NA
"England","AFC Bournemouth","Bournemouth",NA
"England","AFC Bournemouth","Bournemouth&B",NA
"England","AFC Wimbledon","AFC Wimbledon",NA
"England","AFC Wimbledon","Wmb",NA
"England","Aldershot","Aldershot",NA
"England","Aldershot","Ald",NA
"England","Aldershot","Aldershot Tn.",NA
"England","Arsenal","Arsenal",NA
"England","Arsenal","Ars",NA
"England","Arsenal","WlA",NA
"England","Arsenal","Woolwich A",NA
"England","Ashington","Ashington",NA
"England","Ashington","Agt",NA
"England","Aston Villa","Aston Villa",NA
"England","Aston Villa","AV",NA
"England","Barnet","Barnet",NA
"England","Barnet","Bnt",NA
"England","Barnsley","Barnsley",NA
"England","Barnsley","Brn",NA
"England","Barrow","Barrow",NA
"England","Barrow","Brw",NA
"England","Birmingham City","Birmingham City",NA
"England","Birmingham City","Bir",NA
"England","Birmingham City","Birmingham",NA
"England","Birmingham City","Birmingham C.",NA
"England","Birmingham City","Brm",NA
"England","Birmingham City","Small Heath",NA
"England","Birmingham City","SmH",NA
"England","Blackburn Rovers","Blackburn Rovers",NA
"England","Blackburn Rovers","Blackburn R.",NA
"England","Blackburn Rovers","Blk",NA
"England","Blackburn Rovers","Blackburn",NA
"England","Blackpool","Blackpool",NA
"England","Blackpool","Blp",NA
"England","Bolton Wanderers","Bolton Wanderers",NA
"England","Bolton Wanderers","Bol",NA
"England","Bolton Wanderers","Bolton Wdrs.",NA
"England","Bolton Wanderers","Bolton",NA
"England","Bootle","Bootle",NA
"England","Bootle","Boo",NA
"England","Boston United","Boston United",NA
"England","Boston United","Bos",NA
"England","Boston United","Boston Utd.",NA
"England","Bradford City","Bradford City",NA
"England","Bradford City","Brd",NA
"England","Bradford City","Bradford",NA
"England","Bradford Park Avenue","Bradford Park Avenue",NA
"England","Bradford Park Avenue","BPA",NA
"England","Bradford Park Avenue","Bradford P.A.",NA
"England","Brentford","Brentford",NA
"England","Brentford","Bre",NA
"England","Brighton & Hove Albion","Brighton & Hove Albion",NA
"England","Brighton & Hove Albion","Brg",NA
"England","Brighton & Hove Albion","Brighton & HA",NA
"England","Brighton & Hove Albion","Brighton",NA
"England","Bristol City","Bristol City",NA
"England","Bristol City","BrC",NA
"England","Bristol Rovers","Bristol Rovers",NA
"England","Bristol Rovers","Bristol Rvs.",NA
"England","Bristol Rovers","BrR",NA
"England","Bristol Rovers","Bristol Rvs",NA
"England","Burnley","Burnley",NA
"England","Burnley","Bly",NA
"England","Burton Albion","Burton Albion",NA
"England","Burton Albion","Brt",NA
"England","Burton Albion","Burton",NA
"England","Burton Swifts","Burton Swifts",NA
"England","Burton Swifts","BtS",NA
"England","Burton United","Burton United",NA
"England","Burton United","BtU",NA
"England","Burton United","Burton Utd.",NA
"England","Burton Wanderers","Burton Wanderers",NA
"England","Burton Wanderers","BtW",NA
"England","Burton Wanderers","Burton Wdrs.",NA
"England","Bury","Bury",NA
"England","Bury","Bry",NA
"England","Cambridge United","Cambridge United",NA
"England","Cambridge United","Cambridge U.",NA
"England","Cambridge United","CmU",NA
"England","Cambridge United","Cambridge",NA
"England","Cardiff City","Cardiff City",NA
"England","Cardiff City","Cdf",NA
"England","Cardiff City","Cardiff",NA
"England","Carlisle United","Carlisle United",NA
"England","Carlisle United","Carlisle Utd.",NA
"England","Carlisle United","Crl",NA
"England","Carlisle United","Carlisle",NA
"England","Charlton Athletic","Charlton Athletic",NA
"England","Charlton Athletic","ChA",NA
"England","Charlton Athletic","Charlton Ath.",NA
"England","Charlton Athletic","Charlton",NA
"England","Chelsea","Chelsea",NA
"England","Chelsea","Che",NA
"England","Cheltenham","Cheltenham",NA
"England","Cheltenham","Cheltenham T.",NA
"England","Cheltenham","ChT",NA
"England","Chester","Chester",NA
"England","Chester","Chester City",NA
"England","Chester","Chr",NA
"England","Chesterfield","Chesterfield",NA
"England","Chesterfield","Chs",NA
"England","Colchester United","Colchester United",NA
"England","Colchester United","Col",NA
"England","Colchester United","Colchester U.",NA
"England","Colchester United","Colchester",NA
"England","Coventry City","Coventry City",NA
"England","Coventry City","Cov",NA
"England","Coventry City","Coventry",NA
"England","Crawley Town","Crawley Town",NA
"England","Crawley Town","CrT",NA
"England","Crewe Alexandra","Crewe Alexandra",NA
"England","Crewe Alexandra","Crewe Alex.",NA
"England","Crewe Alexandra","Crw",NA
"England","Crewe Alexandra","Crewe",NA
"England","Crystal Palace","Crystal Palace",NA
"England","Crystal Palace","Cry",NA
"England","Dagenham and Redbridge","Dagenham and Redbridge",NA
"England","Dagenham and Redbridge","Dag",NA
"England","Dagenham and Redbridge","Dag. & Red.",NA
"England","Darlington","Darlington",NA
"England","Darlington","Dar",NA
"England","Darwen","Darwen",NA
"England","Darwen","Drw",NA
"England","Derby County","Derby County",NA
"England","Derby County","Der",NA
"England","Derby County","Derby",NA
"England","Doncaster Rovers","Doncaster Rovers",NA
"England","Doncaster Rovers","Don",NA
"England","Doncaster Rovers","Doncaster Rvs.",NA
"England","Doncaster Rovers","Doncaster",NA
"England","Durham City","Durham City",NA
"England","Durham City","Drh",NA
"England","Everton","Everton",NA
"England","Everton","Evr",NA
"England","Exeter City","Exeter City",NA
"England","Exeter City","Ext",NA
"England","Exeter City","Exeter",NA
"England","Fleetwood Town","Fleetwood Town",NA
"England","Fleetwood Town","Fleetwood Tn.",NA
"England","Fleetwood Town","Flt",NA
"England","Fulham","Fulham",NA
"England","Fulham","Ful",NA
"England","Gainsborough Trinity","Gainsborough Trinity",NA
"England","Gainsborough Trinity","Gainsborough",NA
"England","Gainsborough Trinity","Gns",NA
"England","Gateshead","Gateshead",NA
"England","Gateshead","Gts",NA
"England","Gillingham","Gillingham",NA
"England","Gillingham","Gil",NA
"England","Glossop North End","Glossop North End",NA
"England","Glossop North End","Glossop N. E.",NA
"England","Glossop North End","GNE",NA
"England","Grimsby Town","Grimsby Town",NA
"England","Grimsby Town","Grm",NA
"England","Grimsby Town","Grimsby",NA
"England","Halifax Town","Halifax Town",NA
"England","Halifax Town","Hfx",NA
"England","Hartlepool United","Hartlepool United",NA
"England","Hartlepool United","Hartlepool",NA
"England","Hartlepool United","Hartlepool U.",NA
"England","Hartlepool United","Hartlepools",NA
"England","Hartlepool United","Hrt",NA
"England","Hereford United","Hereford United",NA
"England","Hereford United","Her",NA
"England","Hereford United","Hereford Utd.",NA
"England","Huddersfield Town","Huddersfield Town",NA
"England","Huddersfield Town","Hud",NA
"England","Huddersfield Town","Huddersfield",NA
"England","Hull City","Hull City",NA
"England","Hull City","Hul",NA
"England","Hull City","Hull",NA
"England","Ipswich Town","Ipswich Town",NA
"England","Ipswich Town","Ips",NA
"England","Ipswich Town","Ipswich",NA
"England","Kidderminster Harriers","Kidderminster Harriers",NA
"England","Kidderminster Harriers","Kid",NA
"England","Kidderminster Harriers","Kidderminster",NA
"England","Leeds City","Leeds City",NA
"England","Leeds City","LdC",NA
"England","Leeds United","Leeds United",NA
"England","Leeds United","Lee",NA
"England","Leeds United","Leeds Utd.",NA
"England","Leeds United","Leeds",NA
"England","Leicester City","Leicester City",NA
"England","Leicester City","LcF",NA
"England","Leicester City","Lei",NA
"England","Leicester City","Leicester F",NA
"England","Leicester City","Leicester",NA
"England","Leyton Orient","Leyton Orient",NA
"England","Leyton Orient","Clapton Ornt.",NA
"England","Leyton Orient","Clp",NA
"England","Leyton Orient","Ley",NA
"England","Leyton Orient","Orient",NA
"England","Leyton Orient","Ort",NA
"England","Lincoln City","Lincoln City",NA
"England","Lincoln City","LnC",NA
"England","Liverpool","Liverpool",NA
"England","Liverpool","Liv",NA
"England","Loughborough","Loughborough",NA
"England","Loughborough","Lou",NA
"England","Luton Town","Luton Town",NA
"England","Luton Town","Lut",NA
"England","Luton Town","Luton",NA
"England","Macclesfield","Macclesfield",NA
"England","Macclesfield","Mac",NA
"England","Maidstone United","Maidstone United",NA
"England","Maidstone United","Mai",NA
"England","Maidstone United","Maidstone Utd.",NA
"England","Manchester City","Manchester City",NA
"England","Manchester City","Ard",NA
"England","Manchester City","Ardwick",NA
"England","Manchester City","Man. City",NA
"England","Manchester City","MnC",NA
"England","Manchester City","Man City",NA
"England","Manchester United","Manchester United",NA
"England","Manchester United","Man. Utd.",NA
"England","Manchester United","MnU",NA
"England","Manchester United","Newton Heath",NA
"England","Manchester United","NwH",NA
"England","Manchester United","Man United",NA
"England","Mansfield Town","Mansfield Town",NA
"England","Mansfield Town","Mns",NA
"England","Mansfield Town","Mansfield",NA
"England","Merthyr Town","Merthyr Town",NA
"England","Merthyr Town","Merthyr Tn.",NA
"England","Merthyr Town","MTw",NA
"England","Middlesbrough","Middlesbrough",NA
"England","Middlesbrough","Mid",NA
"England","Middlesbrough Ironopolis","Middlesbrough Ironopolis",NA
"England","Middlesbrough Ironopolis","Middlesbro Ir",NA
"England","Middlesbrough Ironopolis","Mir",NA
"England","Millwall","Millwall",NA
"England","Millwall","Mil",NA
"England","Milton Keynes Dons","Milton Keynes Dons",NA
"England","Milton Keynes Dons","Milton Keynes",NA
"England","Milton Keynes Dons","MKD",NA
"England","Morecambe","Morecambe",NA
"England","Morecambe","Mrc",NA
"England","Nelson","Nelson",NA
"England","Nelson","Nel",NA
"England","New Brighton","New Brighton",NA
"England","New Brighton","NBr",NA
"England","New Brighton Tower","New Brighton Tower",NA
"England","New Brighton Tower","NBT",NA
"England","New Brighton Tower","New Brghtn T",NA
"England","Newcastle United","Newcastle United",NA
"England","Newcastle United","Newcastle Utd.",NA
"England","Newcastle United","Nwc",NA
"England","Newcastle United","Newcastle",NA
"England","Newport County","Newport County",NA
"England","Newport County","Newport Co.",NA
"England","Newport County","Nwp",NA
"England","Northampton Town","Northampton Town",NA
"England","Northampton Town","Nor",NA
"England","Northampton Town","Northampton",NA
"England","Northwich Victoria","Northwich Victoria",NA
"England","Northwich Victoria","Northwich Vic.",NA
"England","Northwich Victoria","NVc",NA
"England","Norwich City","Norwich City",NA
"England","Norwich City","Nrw",NA
"England","Norwich City","Norwich",NA
"England","Nottingham Forest","Nottingham Forest",NA
"England","Nottingham Forest","Nottm. Forest",NA
"England","Nottingham Forest","Ntm",NA
"England","Nottingham Forest","Nott'm Forest",NA
"England","Notts County","Notts County",NA
"England","Notts County","Notts. County",NA
"England","Notts County","Nts",NA
"England","Oldham Athletic","Oldham Athletic",NA
"England","Oldham Athletic","Old",NA
"England","Oldham Athletic","Oldham Ath.",NA
"England","Oldham Athletic","Oldham",NA
"England","Oxford United","Oxford United",NA
"England","Oxford United","Oxf",NA
"England","Oxford United","Oxford Utd.",NA
"England","Oxford United","Oxford",NA
"England","Peterborough United","Peterborough United",NA
"England","Peterborough United","Pet",NA
"England","Peterborough United","Peterborough",NA
"England","Peterborough United","Peterboro",NA
"England","Plymouth Argyle","Plymouth Argyle",NA
"England","Plymouth Argyle","Ply",NA
"England","Plymouth Argyle","Plymouth Arg.",NA
"England","Plymouth Argyle","Plymouth",NA
"England","Port Vale","Port Vale",NA
"England","Port Vale","BPV",NA
"England","Port Vale","Burslem P.V.",NA
"England","Port Vale","PVl",NA
"England","Portsmouth","Portsmouth",NA
"England","Portsmouth","Prt",NA
"England","Preston North End","Preston North End",NA
"England","Preston North End","PNE",NA
"England","Preston North End","Preston N.E.",NA
"England","Preston North End","Preston",NA
"England","Queens Park Rangers","Queens Park Rangers",NA
"England","Queens Park Rangers","Q.P.R.",NA
"England","Queens Park Rangers","QPR",NA
"England","Reading","Reading",NA
"England","Reading","Rdg",NA
"England","Rochdale","Rochdale",NA
"England","Rochdale","Rch",NA
"England","Rotherham County","Rotherham County",NA
"England","Rotherham County","Rotherham C.",NA
"England","Rotherham County","RtC",NA
"England","Rotherham Town","Rotherham Town",NA
"England","Rotherham Town","Rotherham T.",NA
"England","Rotherham Town","RTw",NA
"England","Rotherham United","Rotherham United",NA
"England","Rotherham United","Rotherham U.",NA
"England","Rotherham United","Rth",NA
"England","Rotherham United","Rotherham",NA
"England","Rushden & Diamonds","Rushden & Diamonds",NA
"England","Rushden & Diamonds","R&D",NA
"England","Rushden & Diamonds","Rushden & D.",NA
"England","Scarborough","Scarborough",NA
"England","Scarborough","Sca",NA
"England","Scunthorpe United","Scunthorpe United",NA
"England","Scunthorpe United","Scn",NA
"England","Scunthorpe United","Scunthorpe U.",NA
"England","Scunthorpe United","Scunthorpe",NA
"England","Sheffield United","Sheffield United",NA
"England","Sheffield United","Sheff. Utd.",NA
"England","Sheffield United","ShU",NA
"England","Sheffield Wednesday","Sheffield Wednesday",NA
"England","Sheffield Wednesday","Sheff. Wed.",NA
"England","Sheffield Wednesday","ShW",NA
"England","Sheffield Wednesday","The Wednesday",NA
"England","Sheffield Wednesday","TWe",NA
"England","Sheffield Wednesday","Sheffield Weds",NA
"England","Shrewsbury Town","Shrewsbury Town",NA
"England","Shrewsbury Town","Shr",NA
"England","Shrewsbury Town","Shrewsbury Tn.",NA
"England","Shrewsbury Town","Shrewsbury",NA
"England","South Shields","South Shields",NA
"England","South Shields","SSh",NA
"England","Southampton","Southampton",NA
"England","Southampton","Sou",NA
"England","Southend United","Southend United",NA
"England","Southend United","Southend Utd.",NA
"England","Southend United","Sth",NA
"England","Southend United","Southend",NA
"England","Southport","Southport",NA
"England","Southport","Spt",NA
"England","Stalybridge Celtic","Stalybridge Celtic",NA
"England","Stalybridge Celtic","Stalybridge C.",NA
"England","Stalybridge Celtic","Stl",NA
"England","Stevenage Borough","Stevenage Borough",NA
"England","Stevenage Borough","Stevenage",NA
"England","Stevenage Borough","Stv",NA
"England","Stockport County","Stockport County",NA
"England","Stockport County","Stc",NA
"England","Stockport County","Stockport Co.",NA
"England","Stoke City","Stoke City",NA
"England","Stoke City","Stk",NA
"England","Stoke City","Stoke",NA
"England","Sunderland","Sunderland",NA
"England","Sunderland","Sun",NA
"England","Swansea City","Swansea City",NA
"England","Swansea City","Swa",NA
"England","Swansea City","Swansea Tn.",NA
"England","Swansea City","SwT",NA
"England","Swansea City","Swansea",NA
"England","Swindon Town","Swindon Town",NA
"England","Swindon Town","Swi",NA
"England","Swindon Town","Swindon",NA
"England","Thames","Thames",NA
"England","Thames","Tha",NA
"England","Torquay United","Torquay United",NA
"England","Torquay United","Torquay Utd.",NA
"England","Torquay United","Trq",NA
"England","Tottenham Hotspur","Tottenham Hotspur",NA
"England","Tottenham Hotspur","Tot",NA
"England","Tottenham Hotspur","Tottenham H.",NA
"England","Tottenham Hotspur","Tottenham",NA
"England","Tranmere Rovers","Tranmere Rovers",NA
"England","Tranmere Rovers","Tra",NA
"England","Tranmere Rovers","Tranmere Rvs.",NA
"England","Walsall","Walsall",NA
"England","Walsall","Walsall T.S.",NA
"England","Walsall","Wls",NA
"England","Walsall","WTS",NA
"England","Watford","Watford",NA
"England","Watford","Wtf",NA
"England","West Bromwich Albion","West Bromwich Albion",NA
"England","West Bromwich Albion","WBA",NA
"England","West Bromwich Albion","West Brom.",NA
"England","West Bromwich Albion","West Brom",NA
"England","West Ham United","West Ham United",NA
"England","West Ham United","West Ham Utd.",NA
"England","West Ham United","WHU",NA
"England","West Ham United","West Ham",NA
"England","Wigan Athletic","Wigan Athletic",NA
"England","Wigan Athletic","Wig",NA
"England","Wigan Athletic","Wigan Ath.",NA
"England","Wigan Athletic","Wigan",NA
"England","Wigan Borough","Wigan Borough",NA
"England","Wigan Borough","WgB",NA
"England","Wigan Borough","Wigan Boro.",NA
"England","Wimbledon","Wimbledon",NA
"England","Wimbledon","Wim",NA
"England","Wolverhampton Wanderers","Wolverhampton Wanderers",NA
"England","Wolverhampton Wanderers","Wlv",NA
"England","Wolverhampton Wanderers","Wolves",NA
"England","Workington","Workington",NA
"England","Workington","Wkn",NA
"England","Wrexham","Wrexham",NA
"England","Wrexham","Wre",NA
"England","Wycombe Wanderers","Wycombe Wanderers",NA
"England","Wycombe Wanderers","Wyc",NA
"England","Wycombe Wanderers","Wycombe Wdrs.",NA
"England","Wycombe Wanderers","Wycombe",NA
"England","Yeovil","Yeovil",NA
"England","Yeovil","Yeovil Town",NA
"England","Yeovil","Yvl",NA
"England","York City","York City",NA
"England","York City","Yrk",NA
"France","AC Ajaccio","AC Ajaccio",NA
"France","AC Arles-Avignon","AC Arles-Avignon",NA
"France","AJ Auxerre","AJ Auxerre",NA
"France","Angers SCO","Angers SCO",NA
"France","AS Aixoise","AS Aixoise",NA
"France","AS Angouleme","AS Angouleme",NA
"France","AS Beziers","AS Beziers",NA
"France","AS Cannes","AS Cannes",NA
"France","AS Cannes-Grasse","AS Cannes-Grasse",NA
"France","AS Monaco","AS Monaco",NA
"France","AS Nancy","AS Nancy",NA
"France","AS Saint-Etienne","AS Saint-Etienne",NA
"France","AS Troyes-Savinienne","AS Troyes-Savinienne",NA
"France","Association Sportive Avignonaise","Association Sportive Avignonaise",NA
"France","ATAC Troyes","ATAC Troyes",NA
"France","Brest Armorique FC","Brest Armorique FC",NA
"France","CA Paris (alt)","CA Paris (alt)",NA
"France","Chamois Niortais","Chamois Niortais",NA
"France","CS Sedan","CS Sedan",NA
"France","Dijon FCO","Dijon FCO",NA
"France","EA Guingamp","EA Guingamp",NA
"France","ESTAC Troyes","ESTAC Troyes",NA
"France","Evian Thonon Gaillard","Evian Thonon Gaillard",NA
"France","Excelsior Roubaix","Excelsior Roubaix",NA
"France","FC Antibes","FC Antibes",NA
"France","FC Gueugnon","FC Gueugnon",NA
"France","FC Istres","FC Istres",NA
"France","FC Lorient","FC Lorient",NA
"France","FC Martigues","FC Martigues",NA
"France","FC Metz","FC Metz",NA
"France","FC Mulhouse","FC Mulhouse",NA
"France","FC Nantes","FC Nantes",NA
"France","FC Rouen","FC Rouen",NA
"France","FC Sete","FC Sete",NA
"France","FC Sochaux","FC Sochaux",NA
"France","Girondins Bordeaux","Girondins Bordeaux",NA
"France","Grenoble Foot 38","Grenoble Foot 38",NA
"France","LB Chateauroux","LB Chateauroux",NA
"France","Le Havre AC","Le Havre AC",NA
"France","Le Mans UC 72","Le Mans UC 72",NA
"France","Lille OSC","Lille OSC",NA
"France","Limoges FC","Limoges FC",NA
"France","Matra Racing","Matra Racing",NA
"France","Montpellier HSC","Montpellier HSC",NA
"France","Montpellier La Paillade SC","Montpellier La Paillade SC",NA
"France","Nimes Olympique","Nimes Olympique",NA
"France","OGC Nice","OGC Nice",NA
"France","Olympique Ales","Olympique Ales",NA
"France","Olympique Lillois Lille","Olympique Lillois Lille",NA
"France","Olympique Lyon","Olympique Lyon",NA
"France","Olympique Marseille","Olympique Marseille",NA
"France","Paris FC","Paris FC",NA
"France","Paris Saint-Germain","Paris Saint-Germain",NA
"France","Racing Club de France","Racing Club de France",NA
"France","RC Lens","RC Lens",NA
"France","RC Roubaix","RC Roubaix",NA
"France","RC Strasbourg","RC Strasbourg",NA
"France","Red Star FC","Red Star FC",NA
"France","Red Star Olympique","Red Star Olympique",NA
"France","Red Star Olympique Audonien","Red Star Olympique Audonien",NA
"France","SC Bastia","SC Bastia",NA
"France","SC Fives Lille","SC Fives Lille",NA
"France","SC Nimes","SC Nimes",NA
"France","SM Caen","SM Caen",NA
"France","Sporting Toulon Var","Sporting Toulon Var",NA
"France","SR Colmar","SR Colmar",NA
"France","Stade Brest","Stade Brest",NA
"France","Stade de Paris FC","Stade de Paris FC",NA
"France","Stade Francais","Stade Francais",NA
"France","Stade Francais FC","Stade Francais FC",NA
"France","Stade Laval","Stade Laval",NA
"France","Stade Olympique Montpellierain","Stade Olympique Montpellierain",NA
"France","Stade Red Star","Stade Red Star",NA
"France","Stade Reims","Stade Reims",NA
"France","Stade Rennes","Stade Rennes",NA
"France","Toulouse FC","Toulouse FC",NA
"France","Tours FC","Tours FC",NA
"France","Troyes AF","Troyes AF",NA
"France","UA Sedan-Torcy","UA Sedan-Torcy",NA
"France","US Boulogne","US Boulogne",NA
"France","US Valenciennes-Anzin","US Valenciennes-Anzin",NA
"France","Valenciennes FC","Valenciennes FC",NA
"Germany","1. FC Bocholt","1. FC Bocholt",NA
"Germany","1. FC Heidenheim","1. FC Heidenheim",NA
"Germany","1. FC Kaiserslautern","1. FC Kaiserslautern",NA
"Germany","1. FC Koln","1. FC Koln",NA
"Germany","1. FC Mulheim","1. FC Mulheim",NA
"Germany","1. FC Nurnberg","1. FC Nurnberg",NA
"Germany","1. FC Saarbrucken","1. FC Saarbrucken",NA
"Germany","1. FC Schweinfurt 05","1. FC Schweinfurt 05",NA
"Germany","1. FC Union Berlin","1. FC Union Berlin",NA
"Germany","1. FSV Mainz 05","1. FSV Mainz 05",NA
"Germany","1860 Munchen","1860 Munchen",NA
"Germany","1899 Hoffenheim","1899 Hoffenheim",NA
"Germany","Alemannia Aachen","Alemannia Aachen",NA
"Germany","Arminia Bielefeld","Arminia Bielefeld",NA
"Germany","Arminia Hannover","Arminia Hannover",NA
"Germany","Bayer 05 Uerdingen","Bayer 05 Uerdingen",NA
"Germany","Bayer Leverkusen","Bayer Leverkusen",NA
"Germany","Bayern Munchen","Bayern Munchen",NA
"Germany","Blau-Weiss 90 Berlin","Blau-Weiss 90 Berlin",NA
"Germany","Bonner SC","Bonner SC",NA
"Germany","Bor. Monchengladbach","Bor. Monchengladbach",NA
"Germany","Borussia Dortmund","Borussia Dortmund",NA
"Germany","Borussia Neunkirchen","Borussia Neunkirchen",NA
"Germany","BSV Schwenningen","BSV Schwenningen",NA
"Germany","BSV Stahl Brandenburg","BSV Stahl Brandenburg",NA
"Germany","Carl Zeiss Jena","Carl Zeiss Jena",NA
"Germany","Chemnitzer FC","Chemnitzer FC",NA
"Germany","DJK Gutersloh","DJK Gutersloh",NA
"Germany","DSC Wanne-Eickel","DSC Wanne-Eickel",NA
"Germany","Dynamo Dresden","Dynamo Dresden",NA
"Germany","Eintracht Bad Kreuznach","Eintracht Bad Kreuznach",NA
"Germany","Eintracht Braunschweig","Eintracht Braunschweig",NA
"Germany","Eintracht Frankfurt","Eintracht Frankfurt",NA
"Germany","Eintracht Trier","Eintracht Trier",NA
"Germany","Energie Cottbus","Energie Cottbus",NA
"Germany","Erzgebirge Aue","Erzgebirge Aue",NA
"Germany","ESV Ingolstadt","ESV Ingolstadt",NA
"Germany","FC 08 Homburg","FC 08 Homburg",NA
"Germany","FC Augsburg","FC Augsburg",NA
"Germany","FC Bayern Hof","FC Bayern Hof",NA
"Germany","FC Gutersloh","FC Gutersloh",NA
"Germany","FC Hanau 93","FC Hanau 93",NA
"Germany","FC Ingolstadt 04","FC Ingolstadt 04",NA
"Germany","FC Remscheid","FC Remscheid",NA
"Germany","FC Schalke 04","FC Schalke 04",NA
"Germany","FC St. Pauli","FC St. Pauli",NA
"Germany","FK Pirmasens","FK Pirmasens",NA
"Germany","Fortuna Dusseldorf","Fortuna Dusseldorf",NA
"Germany","Fortuna Koln","Fortuna Koln",NA
"Germany","Frankfurter SG Eintracht","Frankfurter SG Eintracht",NA
"Germany","Freiburger FC","Freiburger FC",NA
"Germany","FSV Frankfurt","FSV Frankfurt",NA
"Germany","FSV Salmrohr","FSV Salmrohr",NA
"Germany","FSV Zwickau","FSV Zwickau",NA
"Germany","FV Wurzburg 04","FV Wurzburg 04",NA
"Germany","Hallescher FC","Hallescher FC",NA
"Germany","Hamburger SV","Hamburger SV",NA
"Germany","Hannover 96","Hannover 96",NA
"Germany","Hansa Rostock","Hansa Rostock",NA
"Germany","Hertha BSC","Hertha BSC",NA
"Germany","Hessen Kassel","Hessen Kassel",NA
"Germany","Holstein Kiel","Holstein Kiel",NA
"Germany","HSV Barmbek-Uhlenhorst","HSV Barmbek-Uhlenhorst",NA
"Germany","Jahn Regensburg","Jahn Regensburg",NA
"Germany","Karlsruher SC","Karlsruher SC",NA
"Germany","KFC Uerdingen 05","KFC Uerdingen 05",NA
"Germany","Kickers Offenbach","Kickers Offenbach",NA
"Germany","KSV Baunatal","KSV Baunatal",NA
"Germany","Meidericher SV","Meidericher SV",NA
"Germany","MSV Duisburg","MSV Duisburg",NA
"Germany","MTV Ingolstadt","MTV Ingolstadt",NA
"Germany","Olympia Wilhelmshaven","Olympia Wilhelmshaven",NA
"Germany","OSC Bremerhaven","OSC Bremerhaven",NA
"Germany","OSV Hannover","OSV Hannover",NA
"Germany","Preussen Munster","Preussen Munster",NA
"Germany","RasenBallsport Leipzig","RasenBallsport Leipzig",NA
"Germany","Rot-Weiss Erfurt","Rot-Weiss Erfurt",NA
"Germany","Rot-Weiss Essen","Rot-Weiss Essen",NA
"Germany","Rot-Weiss Ludenscheid","Rot-Weiss Ludenscheid",NA
"Germany","Rot-Weiss Oberhausen","Rot-Weiss Oberhausen",NA
"Germany","Rot Weiss Ahlen","Rot Weiss Ahlen",NA
"Germany","SC Charlottenburg","SC Charlottenburg",NA
"Germany","SC Freiburg","SC Freiburg",NA
"Germany","SC Gottingen 05","SC Gottingen 05",NA
"Germany","SC Herford","SC Herford",NA
"Germany","SC Paderborn 07","SC Paderborn 07",NA
"Germany","SC Viktoria 04 Koln","SC Viktoria 04 Koln",NA
"Germany","Schwarz-Weiss Essen","Schwarz-Weiss Essen",NA
"Germany","SG Union Solingen","SG Union Solingen",NA
"Germany","SG Wattenscheid 09","SG Wattenscheid 09",NA
"Germany","Spandauer SV","Spandauer SV",NA
"Germany","Sportfreunde Siegen","Sportfreunde Siegen",NA
"Germany","SpVgg Bayreuth","SpVgg Bayreuth",NA
"Germany","SpVgg Erkenschwick","SpVgg Erkenschwick",NA
"Germany","SpVgg Greuther Furth","SpVgg Greuther Furth",NA
"Germany","SpVgg Unterhaching","SpVgg Unterhaching",NA
"Germany","SSV Reutlingen","SSV Reutlingen",NA
"Germany","SSV Ulm 1846","SSV Ulm 1846",NA
"Germany","Stuttgarter Kickers","Stuttgarter Kickers",NA
"Germany","SV Babelsberg 03","SV Babelsberg 03",NA
"Germany","SV Bayer 04 Leverkusen","SV Bayer 04 Leverkusen",NA
"Germany","SV Darmstadt 98","SV Darmstadt 98",NA
"Germany","SV Meppen","SV Meppen",NA
"Germany","SV Rochling Volklingen","SV Rochling Volklingen",NA
"Germany","SV Sandhausen","SV Sandhausen",NA
"Germany","SV Wehen Wiesbaden","SV Wehen Wiesbaden",NA
"Germany","Tasmania 1900 Berlin","Tasmania 1900 Berlin",NA
"Germany","TeBe Berlin","TeBe Berlin",NA
"Germany","Tennis Borussia Berlin","Tennis Borussia Berlin",NA
"Germany","TSG Hoffenheim","TSG Hoffenheim",NA
"Germany","TSV 1860 Munchen","TSV 1860 Munchen",NA
"Germany","TSV Havelse","TSV Havelse",NA
"Germany","TuS Koblenz","TuS Koblenz",NA
"Germany","TuS Schloss-Neuhaus","TuS Schloss-Neuhaus",NA
"Germany","VfB Eppingen","VfB Eppingen",NA
"Germany","VfB Leipzig","VfB Leipzig",NA
"Germany","VfB Lubeck","VfB Lubeck",NA
"Germany","VfB Oldenburg","VfB Oldenburg",NA
"Germany","VfB Stuttgart","VfB Stuttgart",NA
"Germany","VfL Bochum","VfL Bochum",NA
"Germany","VfL Osnabruck","VfL Osnabruck",NA
"Germany","VfL Wolfsburg","VfL Wolfsburg",NA
"Germany","VfR Aalen","VfR Aalen",NA
"Germany","VfR Burstadt","VfR Burstadt",NA
"Germany","VfR Heilbronn","VfR Heilbronn",NA
"Germany","VfR Mannheim","VfR Mannheim",NA
"Germany","Viktoria Aschaffenburg","Viktoria Aschaffenburg",NA
"Germany","Wacker 04 Berlin","Wacker 04 Berlin",NA
"Germany","Wacker Burghausen","Wacker Burghausen",NA
"Germany","Waldhof Mannheim","Waldhof Mannheim",NA
"Germany","Werder Bremen","Werder Bremen",NA
"Germany","Westfalia Herne","Westfalia Herne",NA
"Germany","Wormatia Worms","Wormatia Worms",NA
"Germany","Wuppertaler SV","Wuppertaler SV",NA
"Germany","Wurzburger Kickers","Wurzburger Kickers",NA
"Holland","ADO Den Haag","ADO Den Haag",NA
"Holland","AFC Ajax","AFC Ajax",NA
"Holland","AZ '67 Alkmaar","AZ '67 Alkmaar",NA
"Holland","AZ Alkmaar","AZ Alkmaar",NA
"Holland","Blauw Wit","Blauw Wit",NA
"Holland","BV Veendam","BV Veendam",NA
"Holland","BVV","BVV",NA
"Holland","BVV Den Bosch","BVV Den Bosch",NA
"Holland","De Graafschap","De Graafschap",NA
"Holland","De Volewijckers","De Volewijckers",NA
"Holland","Dordrecht '90","Dordrecht '90",NA
"Holland","DOS Utrecht","DOS Utrecht",NA
"Holland","Drechtsteden '79","Drechtsteden '79",NA
"Holland","DWS Amsterdam","DWS Amsterdam",NA
"Holland","FC Amsterdam","FC Amsterdam",NA
"Holland","FC Den Bosch","FC Den Bosch",NA
"Holland","FC Den Bosch '67","FC Den Bosch '67",NA
"Holland","FC Den Haag","FC Den Haag",NA
"Holland","FC Den Haag-ADO","FC Den Haag-ADO",NA
"Holland","FC Dordrecht","FC Dordrecht",NA
"Holland","FC Groningen","FC Groningen",NA
"Holland","FC Twente","FC Twente",NA
"Holland","FC Utrecht","FC Utrecht",NA
"Holland","FC Volendam","FC Volendam",NA
"Holland","FC Wageningen","FC Wageningen",NA
"Holland","FC Xerxes","FC Xerxes",NA
"Holland","FC Zwolle","FC Zwolle",NA
"Holland","Feijenoord","Feijenoord",NA
"Holland","Feyenoord","Feyenoord",NA
"Holland","Fortuna Sittard","Fortuna Sittard",NA
"Holland","FSC Geleen","FSC Geleen",NA
"Holland","Go Ahead Eagles","Go Ahead Eagles",NA
"Holland","Groninger VAV","Groninger VAV",NA
"Holland","GVAV Groningen","GVAV Groningen",NA
"Holland","Helmond Sport","Helmond Sport",NA
"Holland","Heracles Almelo","Heracles Almelo",NA
"Holland","HFC Haarlem","HFC Haarlem",NA
"Holland","Holland Sport","Holland Sport",NA
"Holland","MVV","MVV",NA
"Holland","NAC Breda","NAC Breda",NA
"Holland","NEC Nijmegen","NEC Nijmegen",NA
"Holland","NOAD Tilburg","NOAD Tilburg",NA
"Holland","PEC Zwolle","PEC Zwolle",NA
"Holland","PEC Zwolle '82","PEC Zwolle '82",NA
"Holland","PSV Eindhoven","PSV Eindhoven",NA
"Holland","Rapid JC Heerlen","Rapid JC Heerlen",NA
"Holland","RBC Roosendaal","RBC Roosendaal",NA
"Holland","RKC Waalwijk","RKC Waalwijk",NA
"Holland","Roda JC Kerkrade","Roda JC Kerkrade",NA
"Holland","S.V.V./Dordrecht '90","S.V.V./Dordrecht '90",NA
"Holland","SBV Excelsior","SBV Excelsior",NA
"Holland","SBV Haarlem","SBV Haarlem",NA
"Holland","SC Cambuur","SC Cambuur",NA
"Holland","SC Eindhoven","SC Eindhoven",NA
"Holland","sc Heerenveen","sc Heerenveen",NA
"Holland","SHS","SHS",NA
"Holland","Sittardia","Sittardia",NA
"Holland","Sparta Rotterdam","Sparta Rotterdam",NA
"Holland","Sportclub Enschede","Sportclub Enschede",NA
"Holland","SVV Schiedam","SVV Schiedam",NA
"Holland","Telstar","Telstar",NA
"Holland","USV Elinkwijk","USV Elinkwijk",NA
"Holland","Vitesse","Vitesse",NA
"Holland","VV Alkmaar '54","VV Alkmaar '54",NA
"Holland","VVV-Venlo","VVV-Venlo",NA
"Holland","Willem II","Willem II",NA
"Holland","WVV Wageningen","WVV Wageningen",NA
"Holland","Xerxes/D.H.C.","Xerxes/D.H.C.",NA
"Italy","A.C.R. Messina","A.C.R. Messina",NA
"Italy","AC Cesena","AC Cesena",NA
"Italy","AC Liguria","AC Liguria",NA
"Italy","AC Mantova","AC Mantova",NA
"Italy","AC Milan","AC Milan",NA
"Italy","AC Perugia","AC Perugia",NA
"Italy","AC Pistoiese","AC Pistoiese",NA
"Italy","AC Reggiana","AC Reggiana",NA
"Italy","AC Siena","AC Siena",NA
"Italy","AC Venezia","AC Venezia",NA
"Italy","ACF Fiorentina","ACF Fiorentina",NA
"Italy","Ancona Calcio","Ancona Calcio",NA
"Italy","Andrea Doria","Andrea Doria",NA
"Italy","AS Bari","AS Bari",NA
"Italy","AS Livorno","AS Livorno",NA
"Italy","AS Roma","AS Roma",NA
"Italy","AS Varese 1910","AS Varese 1910",NA
"Italy","Ascoli Calcio","Ascoli Calcio",NA
"Italy","Atalanta","Atalanta",NA
"Italy","Bologna FC","Bologna FC",NA
"Italy","Brescia Calcio","Brescia Calcio",NA
"Italy","Cagliari Calcio","Cagliari Calcio",NA
"Italy","Calcio Catania","Calcio Catania",NA
"Italy","Calcio Lecco 1912","Calcio Lecco 1912",NA
"Italy","Calcio Padova","Calcio Padova",NA
"Italy","Carpi FC","Carpi FC",NA
"Italy","Casale","Casale",NA
"Italy","Chievo Verona","Chievo Verona",NA
"Italy","Como Calcio","Como Calcio",NA
"Italy","Empoli FC","Empoli FC",NA
"Italy","FC Messina","FC Messina",NA
"Italy","Frosinone Calcio","Frosinone Calcio",NA
"Italy","Genoa CFC","Genoa CFC",NA
"Italy","Genova 1893 Circolo del Calcio","Genova 1893 Circolo del Calcio",NA
"Italy","Hellas Verona","Hellas Verona",NA
"Italy","Inter","Inter",NA
"Italy","Juventus","Juventus",NA
"Italy","Lanerossi Vicenza","Lanerossi Vicenza",NA
"Italy","Lazio Roma","Lazio Roma",NA
"Italy","Legnano","Legnano",NA
"Italy","Lucchese","Lucchese",NA
"Italy","Modena FC","Modena FC",NA
"Italy","Novara Calcio","Novara Calcio",NA
"Italy","Parma AC","Parma AC",NA
"Italy","Parma FC","Parma FC",NA
"Italy","Pescara Calcio","Pescara Calcio",NA
"Italy","Piacenza Calcio","Piacenza Calcio",NA
"Italy","Pisa SC","Pisa SC",NA
"Italy","Pro Patria","Pro Patria",NA
"Italy","Pro Vercelli","Pro Vercelli",NA
"Italy","Reggina Calcio","Reggina Calcio",NA
"Italy","Salernitana Calcio 1919","Salernitana Calcio 1919",NA
"Italy","Salernitana Sport","Salernitana Sport",NA
"Italy","Sampdoria","Sampdoria",NA
"Italy","Sampierdarenese","Sampierdarenese",NA
"Italy","Sassuolo Calcio","Sassuolo Calcio",NA
"Italy","SPAL 1907 Ferrara","SPAL 1907 Ferrara",NA
"Italy","SSC Napoli","SSC Napoli",NA
"Italy","Ternana Calcio","Ternana Calcio",NA
"Italy","Torino FC","Torino FC",NA
"Italy","Treviso FBC","Treviso FBC",NA
"Italy","Udinese Calcio","Udinese Calcio",NA
"Italy","Unione Triestina","Unione Triestina",NA
"Italy","US Alessandria 1912","US Alessandria 1912",NA
"Italy","US Anconitana","US Anconitana",NA
"Italy","US Avellino","US Avellino",NA
"Italy","US Catanzaro","US Catanzaro",NA
"Italy","US Cremonese","US Cremonese",NA
"Italy","US Foggia","US Foggia",NA
"Italy","US Lecce","US Lecce",NA
"Italy","US Livorno","US Livorno",NA
"Italy","US Palermo","US Palermo",NA
"Italy","Vicenza Calcio","Vicenza Calcio",NA
"Spain","Albacete","Albacete",TRUE
"Spain","Arenas de Getxo","Arenas de Getxo",TRUE
"Spain","Athletic Bilbao","Athletic Bilbao",TRUE
"Spain","Atletico Madrid","Atletico Madrid",TRUE
"Spain","Atletico Tetuan","Atletico Tetuan",TRUE
"Spain","Burgos CF","Burgos CF",TRUE
"Spain","CA Osasuna","CA Osasuna",TRUE
"Spain","Cadiz CF","Cadiz CF",TRUE
"Spain","CD Alaves","CD Alaves",TRUE
"Spain","CD Alcoyano","CD Alcoyano",TRUE
"Spain","CD Castellon","CD Castellon",TRUE
"Spain","CD Condal","CD Condal",FALSE
"Spain","CD Leonesa","CD Leonesa",TRUE
"Spain","CD Logrones","CD Logrones",FALSE
"Spain","CD Numancia","CD Numancia",TRUE
"Spain","CD Tenerife","CD Tenerife",TRUE
"Spain","CE Europa","CE Europa",TRUE
"Spain","CE Sabadell","CE Sabadell",TRUE
"Spain","Celta Vigo","Celta Vigo",TRUE
"Spain","CF Extremadura","CF Extremadura",FALSE
"Spain","Cordoba CF","Cordoba CF",TRUE
"Spain","Deportivo La Coruna","Deportivo La Coruna",TRUE
"Spain","Elche CF","Elche CF",TRUE
"Spain","Espanyol Barcelona","Espanyol Barcelona",TRUE
"Spain","FC Barcelona","FC Barcelona",TRUE
"Spain","Getafe CF","Getafe CF",TRUE
"Spain","Gimnastic","Gimnastic",TRUE
"Spain","Granada CF","Granada CF",TRUE
"Spain","Hercules CF","Hercules CF",TRUE
"Spain","Levante UD","Levante UD",TRUE
"Spain","Malaga CF","CD Malaga",FALSE
"Spain","Malaga CF","Malaga CF",TRUE
"Spain","Merida UD","CP Merida",FALSE
"Spain","Pontevedra CF","Pontevedra CF",TRUE
"Spain","Racing Santander","Racing Santander",TRUE
"Spain","Rayo Vallecano","Rayo Vallecano",TRUE
"Spain","RCD Mallorca","RCD Mallorca",TRUE
"Spain","Real Betis","Real Betis",TRUE
"Spain","Real Burgos","Real Burgos",FALSE
"Spain","Real Jaen","Real Jaen",TRUE
"Spain","Real Madrid","Real Madrid",TRUE
"Spain","Real Murcia","Real Murcia",TRUE
"Spain","Real Oviedo","Real Oviedo",TRUE
"Spain","Real Sociedad","Real Sociedad",TRUE
"Spain","Real Union","Real Union",TRUE
"Spain","Real Valladolid","Real Valladolid",TRUE
"Spain","Real Zaragoza","Real Zaragoza",TRUE
"Spain","Recreativo Huelva","Recreativo Huelva",TRUE
"Spain","SD Compostela","SD Compostela",TRUE
"Spain","SD Eibar","SD Eibar",TRUE
"Spain","Sevilla FC","Sevilla FC",TRUE
"Spain","Sporting Gijon","Sporting Gijon",TRUE
"Spain","UD Almeria","AD Almeria",FALSE
"Spain","UD Almeria","UD Almeria",TRUE
"Spain","UD Las Palmas","UD Las Palmas",TRUE
"Spain","UD Salamanca","UD Salamanca",FALSE
"Spain","UE Lleida","UE Lleida",FALSE
"Spain","Valencia CF","Valencia CF",TRUE
"Spain","Villarreal CF","Villarreal CF",TRUE
"Spain","Xerez CD","Xerez CD",TRUE
"Scotland","Aberdeen","Aberdeen",NA
"Scotland","Falkirk","Falkirk",NA
"Scotland","Hibernian","Hibernian",NA
"Scotland","Partick","Partick",NA
"Scotland","Rangers","Rangers",NA
"Scotland","Celtic","Celtic",NA
"Scotland","Motherwell","Motherwell",NA
"Scotland","Dundee United","Dundee United",NA
"Scotland","Hearts","Hearts",NA
"Scotland","Kilmarnock","Kilmarnock",NA
"Scotland","Raith Rvs","Raith Rvs",NA
"Scotland","Dunfermline","Dunfermline",NA
"Scotland","St Johnstone","St Johnstone",NA
"Scotland","Dundee","Dundee",NA
"Scotland","St Mirren","St Mirren",NA
"Scotland","Livingston","Livingston",NA
"Scotland","Inverness C","Inverness C",NA
"Scotland","Gretna","Gretna",NA
"Scotland","Hamilton","Hamilton",NA
"Scotland","Ross County","Ross County",NA
"Scotland","Airdrie","Airdrie",NA
"Scotland","Ayr","Ayr",NA
"Scotland","Clydebank","Clydebank",NA
"Scotland","Stranraer","Stranraer",NA
"Scotland","Dumbarton","Dumbarton",NA
"Scotland","Morton","Morton",NA
"Scotland","East Fife","East Fife",NA
"Scotland","Stirling","Stirling",NA
"Scotland","Clyde","Clyde",NA
"Scotland","Alloa","Alloa",NA
"Scotland","Arbroath","Arbroath",NA
"Scotland","Queen of Sth","Queen of Sth",NA
"Scotland","Brechin","Brechin",NA
"Scotland","Airdrie Utd","Airdrie Utd",NA
"Scotland","Cowdenbeath","Cowdenbeath",NA
"Scotland","Stenhousemuir","Stenhousemuir",NA
"Scotland","Forfar","Forfar",NA
"Scotland","Queens Park","Queens Park",NA
"Scotland","Berwick","Berwick",NA
"Scotland","Peterhead","Peterhead",NA
"Scotland","Albion Rvs","Albion Rvs",NA
"Scotland","East Stirling","East Stirling",NA
"Scotland","Montrose","Montrose",NA
"Scotland","Elgin","Elgin",NA
"Scotland","Annan Athletic","Annan Athletic",NA
"Scotland","Edinburgh City","Edinburgh City",NA
"Scotland","Raith","Raith",NA
"Turkey","Zeytinburnu","Zeytinburnu",NA
"Turkey","Ad. Demirspor","Ad. Demirspor",NA
"Turkey","Ankaragucu","Ankaragucu",NA
"Turkey","Bursaspor","Bursaspor",NA
"Turkey","Denizlispor","Denizlispor",NA
"Turkey","Galatasaray","Galatasaray",NA
"Turkey","Kocaelispor","Kocaelispor",NA
"Turkey","Trabzonspor","Trabzonspor",NA
"Turkey","Vanspor","Vanspor",NA
"Turkey","Fenerbahce","Fenerbahce",NA
"Turkey","P. Ofisi","P. Ofisi",NA
"Turkey","Altay","Altay",NA
"Turkey","Antalya","Antalya",NA
"Turkey","Besiktas","Besiktas",NA
"Turkey","Gaziantepspor","Gaziantepspor",NA
"Turkey","Genclerbirligi","Genclerbirligi",NA
"Turkey","Kayseri","Kayseri",NA
"Turkey","Samsunspor","Samsunspor",NA
"Turkey","Istanbulspor","Istanbulspor",NA
"Turkey","Antalyaspor","Antalyaspor",NA
"Turkey","Eskisehirspor","Eskisehirspor",NA
"Turkey","Karsiyaka","Karsiyaka",NA
"Turkey","Sariyer","Sariyer",NA
"Turkey","Dardanelspor","Dardanelspor",NA
"Turkey","Karabukspor","Karabukspor",NA
"Turkey","Sekerspor","Sekerspor",NA
"Turkey","Adanaspor","Adanaspor",NA
"Turkey","Sakaryaspor","Sakaryaspor",NA
"Turkey","Erzurum","Erzurum",NA
"Turkey","Erzurumspor","Erzurumspor",NA
"Turkey","Goztep","Goztep",NA
"Turkey","Siirt Jet-PA","Siirt Jet-PA",NA
"Turkey","Yozgatspor","Yozgatspor",NA
"Turkey","Rizespor","Rizespor",NA
"Turkey","Diyarbakirspor","Diyarbakirspor",NA
"Turkey","Malatyaspor","Malatyaspor",NA
"Turkey","Elazigspor","Elazigspor",NA
"Turkey","Konyaspor","Konyaspor",NA
"Turkey","A. Sebatspor","A. Sebatspor",NA
"Turkey","Kayserispor","Kayserispor",NA
"Turkey","Ankaraspor","Ankaraspor",NA
"Turkey","Erciyesspor","Erciyesspor",NA
"Turkey","Sivasspor","Sivasspor",NA
"Turkey","Manisaspor","Manisaspor",NA
"Turkey","Buyuksehyr","Buyuksehyr",NA
"Turkey","Oftasspor","Oftasspor",NA
"Turkey","Kasimpasa","Kasimpasa",NA
"Turkey","Hacettepespor","Hacettepespor",NA
"Turkey","Bucaspor","Bucaspor",NA
"Turkey","Orduspor","Orduspor",NA
"Turkey","Mersin Idman Yurdu","Mersin Idman Yurdu",NA
"Turkey","Akhisar Belediyespor","Akhisar Belediyespor",NA
"Turkey","Balikesirspor","Balikesirspor",NA
"Turkey","Osmanlispor","Osmanlispor",NA
"Turkey","Alanyaspor","Alanyaspor",NA
"Greece","AEK","AEK",NA
"Greece","Apollon","Apollon",NA
"Greece","Doxa","Doxa",NA
"Greece","Edessaikos","Edessaikos",NA
"Greece","Ethnikos","Ethnikos",NA
"Greece","Iraklis","Iraklis",NA
"Greece","Larisa","Larisa",NA
"Greece","PAOK","PAOK",NA
"Greece","Xanthi","Xanthi",NA
"Greece","Aris","Aris",NA
"Greece","Athinaikos","Athinaikos",NA
"Greece","Ionikos","Ionikos",NA
"Greece","Kavala","Kavala",NA
"Greece","OFI","OFI",NA
"Greece","Olympiakos","Olympiakos",NA
"Greece","Panathinaikos","Panathinaikos",NA
"Greece","Panionios","Panionios",NA
"Greece","Levadiakos","Levadiakos",NA
"Greece","Kalamata","Kalamata",NA
"Greece","Panahaiki","Panahaiki",NA
"Greece","Paniliakos","Paniliakos",NA
"Greece","Kastoria","Kastoria",NA
"Greece","Heracles","Heracles",NA
"Greece","Veroia","Veroia",NA
"Greece","Proodeytiki","Proodeytiki",NA
"Greece","Ethnikos Piraeus","Ethnikos Piraeus",NA
"Greece","Eleysina","Eleysina",NA
"Greece","Ethnikos Asteras","Ethnikos Asteras",NA
"Greece","Trikala","Trikala",NA
"Greece","Eth Asteras","Eth Asteras",NA
"Greece","Yiannina","Yiannina",NA
"Greece","Akratitos","Akratitos",NA
"Greece","Egaleo","Egaleo",NA
"Greece","Proodeftiki","Proodeftiki",NA
"Greece","Kalithea","Kalithea",NA
"Greece","Giannina","Giannina",NA
"Greece","Chalkidona","Chalkidona",NA
"Greece","Ergotelis","Ergotelis",NA
"Greece","Kalamaria","Kalamaria",NA
"Greece","Kerkyra","Kerkyra",NA
"Greece","Kallithea","Kallithea",NA
"Greece","Atromitos","Atromitos",NA
"Greece","Levadeiakos","Levadeiakos",NA
"Greece","Asteras Tripolis","Asteras Tripolis",NA
"Greece","Veria","Veria",NA
"Greece","Panthrakikos","Panthrakikos",NA
"Greece","Panserraikos","Panserraikos",NA
"Greece","Thrasyvoulos","Thrasyvoulos",NA
"Greece","Olympiakos Volou","Olympiakos Volou",NA
"Greece","Panetolikos","Panetolikos",NA
"Greece","Doxa Dramas","Doxa Dramas",NA
"Greece","Platanias","Platanias",NA
"Greece","Kallonis","Kallonis",NA
"Greece","Niki Volos","Niki Volos",NA
"Portugal","Farense","Farense",NA
"Portugal","Belenenses","Belenenses",NA
"Portugal","Benfica","Benfica",NA
"Portugal","Desp. Chaves","Desp. Chaves",NA
"Portugal","Gil Vicente","Gil Vicente",NA
"Portugal","Guimaraes","Guimaraes",NA
"Portugal","Leiria","Leiria",NA
"Portugal","Maritimo","Maritimo",NA
"Portugal","Porto","Porto",NA
"Portugal","Sp Lisbon","Sp Lisbon",NA
"Portugal","Beira Mar","Beira Mar",NA
"Portugal","Boavista","Boavista",NA
"Portugal","Est Amadora","Est Amadora",NA
"Portugal","Madeira","Madeira",NA
"Portugal","Salgueiros","Salgueiros",NA
"Portugal","Setubal","Setubal",NA
"Portugal","Sp Braga","Sp Braga",NA
"Portugal","Tirsense","Tirsense",NA
"Portugal","Campomaior","Campomaior",NA
"Portugal","Felgueiras","Felgueiras",NA
"Portugal","Leca","Leca",NA
"Portugal","Espinho","Espinho",NA
"Portugal","Rio Ave","Rio Ave",NA
"Portugal","Varzim","Varzim",NA
"Portugal","Academica","Academica",NA
"Portugal","Campomaiorense","Campomaiorense",NA
"Portugal","Chaves","Chaves",NA
"Portugal","Alverca","Alverca",NA
"Portugal","Santa Clara","Santa Clara",NA
"Portugal","Aves","Aves",NA
"Portugal","Pacos Ferreira","Pacos Ferreira",NA
"Portugal","Moreirense","Moreirense",NA
"Portugal","Nacional","Nacional",NA
"Portugal","Estoril","Estoril",NA
"Portugal","Penafiel","Penafiel",NA
"Portugal","Naval","Naval",NA
"Portugal","Leixoes","Leixoes",NA
"Portugal","Trofense","Trofense",NA
"Portugal","Olhanense","Olhanense",NA
"Portugal","Portimonense","Portimonense",NA
"Portugal","Feirense","Feirense",NA
"Portugal","Feirense","Feirense",NA
"Portugal","Arouca","Arouca",NA
"Portugal","Tondela","Tondela",NA
"Portugal","Uniao Madeira","Uniao Madeira",NA
"Belgium","Aalst","Aalst",NA
"Belgium","Cercle Brugge","Cercle Brugge",NA
"Belgium","Charleroi","Charleroi",NA
"Belgium","Lierse","Lierse",NA
"Belgium","Molenbeek","Molenbeek",NA
"Belgium","St Truiden","St Truiden",NA
"Belgium","Standard","Standard",NA
"Belgium","Waregem","Waregem",NA
"Belgium","Germinal","Germinal",NA
"Belgium","Club Brugge","Club Brugge",NA
"Belgium","Anderlecht","Anderlecht",NA
"Belgium","Antwerp","Antwerp",NA
"Belgium","Beveren","Beveren",NA
"Belgium","Gent","Gent",NA
"Belgium","Lommel","Lommel",NA
"Belgium","Mechelen","Mechelen",NA
"Belgium","Seraing","Seraing",NA
"Belgium","Harelbeke","Harelbeke",NA
"Belgium","Lokeren","Lokeren",NA
"Belgium","Genk","Genk",NA
"Belgium","Mouscron","Mouscron",NA
"Belgium","Westerlo","Westerlo",NA
"Belgium","Oostende","Oostende",NA
"Belgium","Kortrijk","Kortrijk",NA
"Belgium","Geel","Geel",NA
"Belgium","Louvieroise","Louvieroise",NA
"Belgium","Bergen","Bergen",NA
"Belgium","Heusden Zolder","Heusden Zolder",NA
"Belgium","FC Brussels","FC Brussels",NA
"Belgium","Roeselare","Roeselare",NA
"Belgium","Dender","Dender",NA
"Belgium","Tubize","Tubize",NA
"Belgium","Eupen","Eupen",NA
"Belgium","Oud-Heverlee Leuven","Oud-Heverlee Leuven",NA
"Belgium","Waasland-Beveren","Waasland-Beveren",NA
"Belgium","Mouscron-Peruwelz","Mouscron-Peruwelz",NA
"MLS","CD Chivas USA","CD Chivas USA",TRUE
"MLS","New York Red Bulls","New York Metrostars",FALSE
"MLS","Columbus Crew","Columbus Crew",TRUE
"MLS","Sporting Kansas City","Kansas City Wizards",FALSE
"MLS","FC Dallas","FC Dallas",TRUE
"MLS","San Jose Earthquakes","San Jose",FALSE
"MLS","DC United","Washington D.C. United",FALSE
"MLS","New England Revolution","N.E. Revolution",FALSE
"MLS","Colorado Rapids","Colorado Rapids",TRUE
"MLS","LA Galaxy","Los Angeles Galaxy",FALSE
"MLS","Real Salt Lake","Real Salt Lake",TRUE
"MLS","Chicago Fire","Chicago Fire",TRUE
"MLS","Houston Dynamo","Houston Dynamo",TRUE
"MLS","New England Revolution","New England Revolution",TRUE
"MLS","New York Red Bulls","New York Red Bulls",TRUE
"MLS","Toronto FC","Toronto FC",TRUE
"MLS","San Jose Earthquakes","San Jose Earthquakes",TRUE
"MLS","Seattle Sounders","Seattle Sounders",TRUE
"MLS","Philadelphia Union","Philadelphia Union",TRUE
"MLS","Vancouver Whitecaps","Vancouver Whitecaps FC",FALSE
"MLS","Portland Timbers","Portland Timbers",TRUE
"MLS","Sporting Kansas City","Sporting Kansas City",TRUE
"MLS","Montreal Impact","Montreal Impact",TRUE
"MLS","LA Galaxy","LA Galaxy",TRUE
"MLS","DC United","D.C. United",FALSE
"MLS","Orlando City","Orlando City SC",FALSE
"MLS","Seattle Sounders","Seattle Sounders FC",FALSE
"MLS","Columbus Crew","Columbus Crew SC",FALSE
"MLS","New York City FC","New York City FC",TRUE
"MLS","Orlando City","Orlando City",TRUE
"MLS","Vancouver Whitecaps","Vancouver Whitecaps",TRUE
"MLS","New York City FC","New York City",FALSE
"MLS","DC United","DC United",TRUE
"MLS","CD Chivas USA","CD Chivas USA",TRUE
"MLS","New York Red Bulls","New York Metrostars",FALSE
"MLS","Columbus Crew","Columbus Crew",TRUE
"MLS","Sporting Kansas City","Kansas City Wizards",FALSE
"MLS","FC Dallas","FC Dallas",TRUE
"MLS","San Jose Earthquakes","San Jose",FALSE
"MLS","DC United","Washington D.C. United",FALSE
"MLS","New England Revolution","N.E. Revolution",FALSE
"MLS","Colorado Rapids","Colorado Rapids",TRUE
"MLS","LA Galaxy","Los Angeles Galaxy",FALSE
"MLS","Real Salt Lake","Real Salt Lake",TRUE
"MLS","Chicago Fire","Chicago Fire",TRUE
"MLS","Houston Dynamo","Houston Dynamo",TRUE
"MLS","New England Revolution","New England Revolution",TRUE
"MLS","New York Red Bulls","New York Red Bulls",TRUE
"MLS","Toronto FC","Toronto FC",TRUE
"MLS","San Jose Earthquakes","San Jose Earthquakes",TRUE
"MLS","Seattle Sounders","Seattle Sounders",TRUE
"MLS","Philadelphia Union","Philadelphia Union",TRUE
"MLS","Vancouver Whitecaps","Vancouver Whitecaps FC",FALSE
"MLS","Portland Timbers","Portland Timbers",TRUE
"MLS","Sporting Kansas City","Sporting Kansas City",TRUE
"MLS","Montreal Impact","Montreal Impact",TRUE
"MLS","LA Galaxy","LA Galaxy",TRUE
"MLS","DC United","D.C. United",FALSE
"MLS","Orlando City","Orlando City SC",FALSE
"MLS","Seattle Sounders","Seattle Sounders FC",FALSE
"MLS","Columbus Crew","Columbus Crew SC",FALSE
"MLS","New York City FC","New York City FC",TRUE
"MLS","Orlando City","Orlando City",TRUE
"MLS","Vancouver Whitecaps","Vancouver Whitecaps",TRUE
"MLS","New York City FC","New York City",FALSE
"MLS","DC United","DC United",TRUE
"Germany","Bayern Munchen","Bayern Munich",NA
"Germany","FC Augsburg","Augsburg",NA
"Germany","Borussia Dortmund","Dortmund",NA
"Germany","Eintracht Frankfurt","Ein Frankfurt",NA
"Germany","1. FC Koln","FC Koln",NA
"Germany","Hamburger SV","Hamburg",NA
"Germany","Bor. Monchengladbach","M'gladbach",NA
"Germany","Hertha BSC","Hertha",NA
"Germany","1899 Hoffenheim","Hoffenheim",NA
"Germany","FC Schalke 04","Schalke 04",NA
"Germany","SV Darmstadt 98","Darmstadt",NA
"Germany","SC Freiburg","Freiburg",NA
"Germany","FC Ingolstadt 04","Ingolstadt",NA
"Germany","Bayer Leverkusen","Leverkusen",NA
"Germany","RasenBallsport Leipzig","RB Leipzig",NA
"Germany","VfL Wolfsburg","Wolfsburg",NA
"Germany","1. FSV Mainz 05","Mainz",NA
"Germany","1. FC Kaiserslautern","Kaiserslautern",NA
"Germany","VfL Bochum","Bochum",NA
"Germany","Dynamo Dresden","Dresden",NA
"Germany","SV Sandhausen","Sandhausen",NA
"Germany","Arminia Bielefeld","Bielefeld",NA
"Germany","Eintracht Braunschweig","Braunschweig",NA
"Germany","SpVgg Greuther Furth","Greuther Furth",NA
"Germany","1. FC Heidenheim","Heidenheim",NA
"Germany","VfB Stuttgart","Stuttgart",NA
"Germany","1. FC Nurnberg","Nurnberg",NA
"Germany","Karlsruher SC","Karlsruhe",NA
"Germany","FC St. Pauli","St Pauli",NA
"Germany","Hannover 96","Hannover",NA
"Germany","1860 Munchen","Munich 1860",NA
"Germany","1. FC Union Berlin","Union Berlin",NA
"Italy","AS Roma","Roma",NA
"Italy","Bologna FC","Bologna",NA
"Italy","Chievo Verona","Chievo",NA
"Italy","Empoli FC","Empoli",NA
"Italy","Genoa CFC","Genoa",NA
"Italy","AC Milan","Milan",NA
"Italy","US Palermo","Palermo",NA
"Italy","Pescara Calcio","Pescara",NA
"Italy","Lazio Roma","Lazio",NA
"Italy","SSC Napoli","Napoli",NA
"Italy","Cagliari Calcio","Cagliari",NA
"Italy","FC Crotone","Crotone",NA
"Italy","ACF Fiorentina","Fiorentina",NA
"Italy","Sassuolo Calcio","Sassuolo",NA
"Italy","Torino FC","Torino",NA
"Italy","Udinese Calcio","Udinese",NA
"France","Lille OSC","Lille",NA
"France","SC Bastia","Bastia",NA
"France","Olympique Marseille","Marseille",NA
"France","Montpellier HSC","Montpellier",NA
"France","FC Nantes","Nantes",NA
"France","OGC Nice","Nice",NA
"France","ESTAC Troyes","Troyes",NA
"France","Girondins Bordeaux","Bordeaux",NA
"France","Olympique Lyon","Lyon",NA
"France","Toulouse FC","Toulouse",NA
"France","AS Monaco","Monaco",NA
"France","Angers SCO","Angers",NA
"France","SM Caen","Caen",NA
"France","EA Guingamp","Guingamp",NA
"France","Stade Rennes","Rennes",NA
"France","AS Saint-Etienne","St Etienne",NA
"France","FC Lorient","Lorient",NA
"France","Paris Saint-Germain","Paris SG",NA
"France","Stade Reims","Reims",NA
"France","AC Ajaccio","Ajaccio GFCO",NA
"France","Dijon FCO","Dijon",NA
"France","FC Metz","Metz",NA
"France","AS Nancy","Nancy",NA
"Holland","NEC Nijmegen","Nijmegen",NA
"Holland","ADO Den Haag","Den Haag",NA
"Holland","FC Twente","Twente",NA
"Holland","FC Utrecht","Utrecht",NA
"Holland","FC Groningen","Groningen",NA
"Holland","Roda JC Kerkrade","Roda",NA
"Holland","sc Heerenveen","Heerenveen",NA
"Holland","AFC Ajax","Ajax",NA
"Holland","SBV Excelsior","Excelsior",NA
"Holland","PEC Zwolle","Zwolle",NA
"Holland","Heracles Almelo","Heracles",NA
"Spain","Deportivo La Coruna","La Coruna",NA
"Spain","Malaga CF","Malaga",NA
"Spain","FC Barcelona","Barcelona",NA
"Spain","Granada CF","Granada",NA
"Spain","Sevilla FC","Sevilla",NA
"Spain","Atletico Madrid","Ath Madrid",NA
"Spain","Real Sociedad","Sociedad",NA
"Spain","Sporting Gijon","Sp Gijon",NA
"Spain","Celta Vigo","Celta",NA
"Spain","Valencia CF","Valencia",NA
"Spain","Real Betis","Betis",NA
"Spain","Espanyol Barcelona","Espanol",NA
"Spain","SD Eibar","Eibar",NA
"Spain","CD Leganes","Leganes",NA
"Spain","CA Osasuna","Osasuna",NA
"Spain","Real Madrid","Real Madrid",NA
"Spain","CD Alaves","Alaves",NA
"Spain","Athletic Bilbao","Ath Bilbao",NA
"Spain","UD Las Palmas","Las Palmas",NA
"Spain","Villarreal CF","Villarreal",NA
"England","Telford United","AFC Telford United",NA
"England","Telford United","AFC Telford Utd",NA
"England","Aldershot","Aldershot Town",NA
"England","Alfreton Town","Alfreton Town",NA
"England","Altrincham","Altrincham",NA
"England","Barnet","Barnet FC",NA
"England","Bath City","Bath City",NA
"England","Boreham Wood","Boreham Wood",NA
"England","Boston United","Boston",NA
"England","Braintree Town","Braintree Town",NA
"England","Bristol Rovers","Bristol Rvs",NA
"England","Bromley","Bromley",NA
"England","Burton Albion","Burton",NA
"England","Cambrdige United","Cambridge",NA
"England","Canvey Island","Canvey Island",NA
"England","Chester","Chester City",NA
"England","Dagenham and Redbridge","Dag and Red",NA
"England","Dagenham and Redbridge","Dagenham & Red.",NA
"England","Dagenham and Redbridge","Dagenham & Redbridge",NA
"England","Dartford","Dartford",NA
"England","Doncaster Rovers","Doncaster",NA
"England","Dover Athletic","Dover",NA
"England","Dover Athletic","Dover Ath.",NA
"England","Dover Athletic","Dover Athletic",NA
"England","Droylsden","Droylsden",NA
"England","Eastbourne Borough","Eastbourne Borough",NA
"England","Eastleigh","Eastleigh",NA
"England","Ebbsfleet United","Ebbsfleet",NA
"England","Exeter City","Exeter",NA
"England","Farnborough Town","Farnborough",NA
"England","Farnborough Town","Farnborough Town",NA
"England","Farsley","Farsley",NA
"England","Forest Green Rovers","Forest Green",NA
"England","Forest Green Rovers","Forest Green Rovers",NA
"England","Ebbsfleet United","Gravesend",NA
"England","Ebbsfleet United","Gravesend & Northfleet",NA
"England","Grays Athletic","Grays",NA
"England","Grimsby Town","Grimsby",NA
"England","Guiseley","Guiseley",NA
"England","Halifax Town","Halifax",NA
"England","Hayes & Yeading","Hayes",NA
"England","Hayes & Yeading","Hayes & Yeading",NA
"England","Hednesford Town","Hednesford",NA
"England","Hednesford Town","Hednesford Town",NA
"England","Hereford United","Hereford",NA
"England","Hereford United","Hereford Utd",NA
"England","Histon","Histon",NA
"England","Hyde United","Hyde United",NA
"England","Kettering Town","Kettering",NA
"England","Kettering Town","Kettering Town",NA
"England","Kidderminster Harriers","Kidderminster",NA
"England","Kingstonian","Kingstonian",NA
"England","Leigh Genesis","Leigh Genesis",NA
"England","Leigh Genesis","Leigh RMI",NA
"England","Lewes","Lewes",NA
"England","Lincoln City","Lincoln",NA
"England","Luton Town","Luton",NA
"England","Maidstone United","Maidstone",NA
"England","Mansfield Town","Mansfield",NA
"England","Margate","Margate",NA
"England","Morecambe","Morecambe FC",NA
"England","North Ferriby","North Ferriby",NA
"England","Northwich Victoria","Northwich",NA
"England","Nuneaton Town","Nuneaton",NA
"England","Nuneaton Town","Nuneaton Borough AFC",NA
"England","Nuneaton Town","Nuneaton Town",NA
"England","Oxford United","Oxford",NA
"England","Rushden & Diamonds","Rushden",NA
"England","Rushden & Diamonds","Rushden & D",NA
"England","Rushden & Diamonds","Rushden & D.",NA
"England","Salisbury","Salisbury",NA
"England","Scarborough","Scarborough FC",NA
"England","Solihull","Solihull",NA
"England","Southport","Southport FC",NA
"England","St Albans","St. Albans",NA
"England","Stafford Rangers","Stafford Rangers",NA
"England","Stalybridge Celtic","Stalybridge",NA
"England","Stevenage Borough","Stevenage",NA
"England","Stevenage Borough","Stevenage Borough FC",NA
"England","Stevenage Borough","Stevenage FC",NA
"England","Stockport County","Stockport",NA
"England","Sutton United","Sutton",NA
"England","Sutton United","Sutton Utd",NA
"England","Tamworth","Tamworth",NA
"England","Tamworth","Tamworth FC",NA
"England","Telford United","Telford",NA
"England","Telford United","Telford United",NA
"England","Torquay United","Torquay",NA
"England","Tranmere Rovers","Tranmere",NA
"England","Welling United","Welling",NA
"England","Welling United","Welling United",NA
"England","Weymouth","Weymouth",NA
"England","Woking","Woking",NA
"England","Woking","Woking FC",NA
"England","Yeovil","Yeovil Town",NA
"England","York City","York",NA
"England","AP Leamington","AP Leamington",NA
"England","Aylesbury United","Aylesbury United",NA
"England","Bangor City","Bangor City",NA
"England","Bromsgrove Rovers","Bromsgrove Rovers",NA
"England","Cheltenham","Cheltenham Town",NA
"England","Chorley","Chorley",NA
"England","Dagenham","Dagenham",NA
"England","Dagenham and Redbridge","Dagenham & Redbridge",NA
"England","Enfield","Enfield",NA
"England","Fisher Athletic","Fisher Athletic",NA
"England","Frickley Athletic","Frickley Athletic",NA
"England","Ebbsfleet United","Gravesend & Northfleet",NA
"England","Hayes","Hayes",NA
"England","Leek Town","Leek Town",NA
"England","Macclesfield","Macclesfield Town",NA
"England","Merthyr Tydfil","Merthyr Tydfil",NA
"England","Nuneaton Town","Nuneaton Borough",NA
"England","Redbridge Forest","Redbridge Forest",NA
"England","Redditch United","Redditch United",NA
"England","Runcorn","Runcorn",NA
"England","Slough Town","Slough Town",NA
"England","Trowbridge Town","Trowbridge Town",NA
"England","Wealdstone","Wealdstone",NA
"England","Witton Albion","Witton Albion",NA
"England","Worcester City","Worcester City",NA
"England","Yeovil","Yeovil Town",NA
"Turkey","Yeni Malatyaspor","Yeni Malatyaspor",NA
"Spain","Girona","Girona",NA
"Spain","Getafe CF","Getafe",NA
"Spain","Levante UD","Levante",NA
"Italy","SPAL 1907 Ferrara","Spal",NA
"Italy","Benevento","Benevento",NA
"Italy","Hellas Verona","Verona",NA
"Holland","VVV-Venlo","VVV Venlo",NA
"Greece","Lamia","Lamia",NA
"France","RC Strasbourg","Strasbourg",NA
"France","Amiens SC","Amiens",NA
"Germany","Jahn Regensburg","Regensburg",NA
"Germany","MSV Duisburg","Duisburg",NA
"England","Tottenham Hotspur","Spurs",NA
"England","Curzon Ashton","Curzon Ashton",NA
"England","Stourbridge","Stourbridge",NA
"England","Merstham","Merstham",NA
"England","Westfields","Westfields",NA
"England","Whitehawk","Whitehawk",NA
"England","Taunton Town","Taunton Town",NA
"England","Brackley Town","Brackley Town",NA
"England","Harrow Borough","Harrow Borough",NA
"England","Spennymoor United","Spennymoor United",NA
"England","Chesham United","Chesham United",NA
"England","Stamford","Stamford",NA
"England","Fylde","Fylde",NA
"England","Maidenhead","Maidenhead",NA
"England","Harrogate Town A.F.C.","Harrogate",NA
"England","Salford City","Salford",NA
"Germany","1. FC Magdeburg","1. FC Magdeburg",NA
"Germany","SC Paderborn 07","SC Paderborn",NA
"Germany","1. FC Magdeburg","Magdeburg",NA
"Germany","SC Paderborn 07","Paderborn",NA
"Germany","SV Wehen Wiesbaden","Wehen",NA
"Germany","VfL Osnabruck","Osnabruck",NA
"France","Stade Brest","Brest",NA
"France","Nimes Olympique","Nimes",NA
"France","RC Lens","Lens",NA
"Belgium","Beerschot VA","Beerschot",NA
"Belgium","Beerschot VA","Beerschot VA",NA
"Greece","Lamia","Lamia",NA
"Greece","Volos NFC","Volos NFC",NA
"Greece","OFI","OFI Crete",NA
"Holland","FC Emmen","FC Emmen",NA
"Holland","RKC Waalwijk","Waalwijk",NA
"Holland","Fortuna Sittard","For Sittard",NA
"Holland","De Graafschap","Graafschap",NA
"Italy","Parma FC","Parma",NA
"Italy","US Lecce","Lecce",NA
"Italy","Brescia Calcio","Brescia",NA
"Italy","Spezia Calcio","Spezia",NA
"Italy","Frosinone Calcio","Frosinone",NA
"Italy","Parma FC","Parma",NA
"Italy","US Lecce","Lecce",NA
"Italy","Brescia Calcio","Brescia",NA
"Italy","Spezia Calcio","Spezia",NA
"Italy","Frosinone Calcio","Frosinone",NA
"Portugal","Famalicao","Famalicao",NA
"Scotland","Cove Rangers","Cove Rangers",NA
"Spain","Cadiz CF","Cadiz",NA
"Spain","Real Valladolid","Valladolid",NA
"Spain","SD Huesca","Huesca",NA
"Spain","Elche CF","Elche",NA
"Spain","RCD Mallorca","Mallorca",NA
"Spain","Rayo Vallecano","Vallecano",NA
"Turkey","Gaziantep FK","Gaziantep",NA
"Turkey","Erzurum","Erzurum BB",NA
"Turkey","Hatayspor","Hatayspor",NA
"Turkey","Karagumruk SK","Karagumruk",NA
"Belgium","Royal Union Saint-Gilloise","St. Gilloise",NA
"Turkey","Giresunspor","Giresunspor",NA
"Turkey","Umraniyespor","Umraniyespor",NA
"Portugal","FC Vizela","Vizela",NA
"Portugal","Casa Pia AC","Casa Pia",NA
"Spain","UD Almeria","Almeria",NA
"Holland","SC Cambuur","Cambuur",NA
"Holland","FC Volendam","Volendam",NA
"Italy","Salernitana Calcio 1919","Salernitana",NA
"Italy","AC Venezia","Venezia",NA
"Italy","AC Monza","Monza",NA
"Italy","US Cremonese","Cremonese",NA
"Scotland","Kelty Hearts","Kelty Hearts",NA
"Scotland","Edinburgh City","FC Edinburgh",NA
"Scotland","Bonnyrigg Rose Athletic","Bonnyrigg Rose",NA
